,rs31194300,rs4222269,rs4222320,rs31991963,rs31886089,rs31684041,rs31234127,rs31791013,rs32520046,rs4222579,rs3672697,rs31424068,rs32257630,rs31474366,rs4222922,logmrilean
9101226,1,1,1,1,1,1,1,0,0,0,0,1,1,1,1,3.3054204260000004
9101228,0,0,0,0,0,0,0,1,1,2,2,2,2,2,2,3.224062352
9101247,2,1,1,1,1,1,1,1,1,1,1,1,2,2,2,3.3325615889999995
9101248,1,1,1,1,1,1,1,1,1,1,2,1,1,1,1,3.220474546
9101257,1,1,1,1,1,1,1,0,0,0,0,0,0,0,0,3.236715743
9101258,1,1,0,0,1,1,1,0,0,0,0,0,1,1,1,3.3541057739999998
9101259,1,2,2,2,2,1,1,0,0,0,0,1,1,1,1,3.294725137
9101274,1,1,1,2,2,2,2,2,2,2,2,2,2,2,2,3.245322995
9101275,2,2,2,2,1,1,1,1,1,1,1,1,2,2,2,3.220873828
9101276,2,2,2,2,2,2,1,1,1,1,1,1,2,2,2,3.124565145
9101277,1,1,1,2,1,1,1,1,1,1,1,1,2,2,2,3.253856794
9101282,2,2,2,2,0,1,1,1,1,1,1,2,1,1,2,3.174714929
9101283,2,2,2,2,1,1,1,2,2,2,2,2,1,1,1,3.322875415
9101284,2,2,2,2,1,2,2,2,2,2,2,2,0,0,0,3.1501686269999998
9101292,1,1,1,1,1,1,1,1,1,1,0,1,1,1,1,3.238678452
9101293,1,1,1,1,1,1,1,1,0,0,0,1,1,1,1,3.263466708
9101301,1,1,1,1,1,1,1,1,1,1,0,0,0,0,0,3.220873828
9101309,0,0,0,0,1,1,2,2,2,2,2,2,2,1,1,3.19253185
9101326,1,2,2,2,2,2,2,2,2,2,2,2,2,2,1,3.357245494
9101327,1,1,1,1,1,1,1,1,1,1,2,2,2,2,2,3.214064268
9101328,1,1,1,1,1,1,1,1,1,1,2,2,2,2,2,3.2120526000000003
9101329,1,2,2,2,2,2,2,2,2,2,2,2,2,2,1,3.2068032439999996
9101351,1,1,1,1,1,1,1,1,1,1,1,1,1,1,2,3.160398895
9101352,1,1,1,1,1,1,1,1,1,1,1,1,0,0,0,3.2068032439999996
9101353,1,1,1,1,1,1,1,1,1,1,2,2,0,0,0,3.263466708
9101354,1,1,1,1,1,1,1,1,1,1,2,2,1,1,1,3.1077207760000003
9101355,1,1,1,1,1,1,1,1,1,1,1,1,0,0,1,3.1937631239999997
9101356,1,1,1,1,2,2,2,2,2,2,2,2,0,0,0,3.3221541739999996
9101357,1,1,1,1,1,1,1,2,2,2,1,1,1,1,2,3.306886702
9101358,1,1,1,1,1,2,2,2,2,2,2,2,0,0,1,3.338612506
9101359,1,1,1,1,1,1,1,1,1,1,2,2,0,0,0,3.17805383
9101375,0,1,1,1,0,0,0,0,0,0,0,0,0,0,0,3.2839142210000003
9101376,0,1,1,1,1,1,1,1,1,1,1,1,0,0,0,3.333988632
9101377,0,1,1,1,0,0,0,0,0,0,0,0,0,0,0,3.3520071369999997
9101383,1,1,1,1,0,1,1,1,1,1,1,1,1,1,1,3.313458467
9101384,0,0,0,0,0,1,1,1,1,1,1,1,1,1,1,3.1809662519999997
9101385,0,0,0,0,0,1,1,1,1,1,1,1,1,1,1,3.2084213669999997
9101386,0,0,0,0,1,1,1,1,1,1,1,1,1,1,1,2.9533465569999997
9101387,0,0,0,0,0,1,1,1,1,1,1,1,1,1,1,3.258096538
9101404,1,2,1,1,1,1,1,1,1,2,2,2,2,2,2,3.24102863
9101411,1,1,1,1,1,1,1,1,1,1,0,0,0,0,0,3.343568269
9101418,1,0,0,0,0,0,0,0,0,0,1,1,2,2,2,3.260017768
9101419,1,1,1,1,2,2,2,2,2,2,2,2,1,1,1,3.2936121710000004
9101420,1,1,1,1,2,2,2,1,1,1,0,0,0,2,2,3.3988613219999997
9101421,0,0,0,0,1,1,1,1,1,1,2,2,2,2,2,3.27978276
9101425,1,1,1,1,0,0,0,0,1,1,1,1,1,1,1,3.302113423
9101432,1,1,1,1,1,1,1,1,1,1,2,2,1,1,2,3.2398542310000003
9101433,1,1,1,1,1,1,1,1,1,1,2,1,1,1,2,3.1018924689999996
9101434,1,1,1,1,2,2,2,2,2,2,2,2,1,1,2,3.357593744
9101443,1,1,1,1,1,0,0,0,0,0,0,1,1,1,1,3.152308581
9101451,1,1,1,1,1,1,1,1,1,1,0,0,0,0,0,3.1884166169999997
9101452,1,1,1,2,2,1,1,1,1,1,1,1,0,0,0,3.260785228
9101468,1,1,1,0,0,1,1,1,1,1,1,1,1,1,1,3.183041372
9101469,0,0,0,0,0,1,1,1,1,1,1,1,2,2,2,3.16674007
9101470,1,0,0,0,0,0,0,0,0,0,1,1,1,1,2,3.17010566
9101471,1,0,0,0,0,0,0,0,0,0,1,1,1,1,2,3.1838702160000003
9101472,1,1,1,0,0,1,1,1,1,1,1,1,2,2,1,3.34462703
9101478,0,0,0,0,0,2,2,2,2,2,2,2,2,2,1,3.286534473
9101479,2,2,1,1,1,2,2,2,2,2,1,1,1,1,1,3.2684276039999998
9101480,1,1,2,2,2,2,1,1,1,1,0,0,0,0,0,3.30981282
9101481,2,2,2,2,0,1,1,1,1,1,1,1,0,1,0,3.194992884
9101482,1,1,1,1,1,1,1,1,1,1,1,1,1,1,0,3.272606147
9101486,1,1,1,1,1,1,1,1,1,1,1,1,0,0,1,3.343568269
9101491,2,2,2,2,2,2,2,2,2,2,2,2,2,2,1,3.5278300330000003
9101492,2,2,2,2,2,2,2,2,2,2,2,2,2,2,1,3.352357216
9101497,1,0,0,0,1,1,1,2,2,2,2,2,1,1,0,3.2398542310000003
9101498,1,1,1,1,1,1,1,1,1,1,0,0,0,0,0,3.2449333589999996
9101502,1,1,1,1,1,1,1,2,2,2,1,1,1,1,1,3.3083508310000003
9101503,1,1,1,1,1,1,1,1,1,1,1,1,1,1,1,3.352357216
9101504,1,1,1,1,1,1,1,2,2,2,1,1,1,1,1,3.3908102889999996
9201175,2,1,1,1,1,1,1,0,0,0,1,1,0,0,0,3.3221541739999996
9201176,2,2,2,2,2,2,2,2,2,2,2,2,2,2,1,3.313458467
9201177,1,1,1,1,2,2,2,1,1,1,1,1,1,1,1,3.202746443
9201178,2,2,2,2,2,2,2,1,1,1,1,1,0,0,1,3.25617161
9201186,2,2,1,1,1,1,1,1,1,1,0,0,1,1,0,3.273742726
9201187,1,1,1,1,1,1,1,1,1,1,0,0,0,0,0,3.254628995
9201188,1,1,1,1,1,1,1,1,1,1,1,1,1,1,1,3.236715743
9201196,1,1,1,1,1,2,2,2,2,2,1,1,1,1,1,3.2449333589999996
9201197,1,1,1,1,1,1,1,1,1,1,1,1,1,1,1,3.2676659889999997
9201198,1,1,1,1,1,1,0,0,0,0,0,2,2,2,1,3.126321843
9201203,0,0,0,0,0,0,0,1,1,1,1,1,1,1,2,3.2615520989999998
9201204,0,0,0,0,0,0,0,0,0,0,0,0,1,1,1,3.229222117
9201205,0,0,0,0,0,0,0,1,1,1,1,1,1,1,2,3.210036876
9201207,0,0,0,0,0,0,0,0,0,0,0,0,1,1,2,2.965788397
9201215,1,1,1,1,1,0,0,0,0,0,0,1,0,0,0,3.2308043960000004
9201216,1,2,2,2,1,1,1,1,1,1,1,1,0,0,0,3.2168738219999997
9201217,0,1,1,1,1,0,0,0,0,0,1,1,0,0,0,3.2441536319999997
9201218,0,1,1,1,1,0,0,0,0,0,1,1,0,0,0,3.183041372
9201225,2,2,2,1,1,1,0,0,0,0,0,2,2,2,2,3.154017253
9201226,1,1,1,1,1,1,0,1,1,1,1,2,2,2,1,3.128513385
9201227,1,1,1,1,1,1,0,0,0,0,0,2,2,2,2,3.126321843
9201228,2,2,2,2,2,2,1,0,0,0,0,2,2,2,2,3.2850380269999997
9201236,1,2,2,2,2,1,1,1,1,1,2,1,1,1,1,3.212455257
9201237,0,0,0,0,1,1,1,1,1,1,1,1,1,1,1,3.36729583
9201245,2,2,2,2,1,1,1,1,1,1,1,1,1,1,1,3.2276373310000004
9201246,2,2,2,2,1,1,1,1,1,1,1,1,2,1,1,3.20720802
9201247,0,1,2,2,1,1,1,1,1,1,1,1,0,0,0,3.1032404810000003
9201248,0,0,1,1,1,1,1,1,1,1,1,1,0,0,0,3.210843653
9201253,2,2,2,2,2,1,1,1,1,1,1,1,1,1,1,3.2569420260000004
9201254,1,1,1,2,2,2,2,2,2,2,2,2,1,1,1,3.1587011019999998
9201255,2,2,2,2,2,2,2,2,2,2,2,2,1,1,1,3.355502422
9201256,1,1,1,2,2,2,2,2,2,2,2,2,1,1,1,3.3721118010000004
9201257,2,2,2,2,2,1,1,1,2,2,2,2,1,1,1,3.2507620139999998
9201258,2,2,1,2,2,2,2,2,2,2,2,1,1,1,1,3.364879119
9201262,1,1,2,2,2,2,2,1,1,1,0,0,0,0,0,3.157851123
9201265,1,1,1,1,2,2,2,0,0,0,1,1,1,0,0,3.2355362660000004
9201266,1,1,1,1,2,2,1,1,1,1,1,1,1,0,0,3.212455257
9201275,0,0,0,0,1,1,1,1,1,1,1,2,2,2,2,3.2232661730000003
9201276,1,1,1,1,0,0,0,1,1,1,1,1,1,1,1,3.3796332039999997
9201277,1,1,1,1,1,1,1,1,1,1,1,1,1,2,2,3.315639493
9201296,1,0,0,0,1,1,2,2,2,2,2,2,2,2,2,3.27752202
9201305,2,2,2,2,2,2,1,1,1,1,1,1,0,0,1,3.2288261560000002
9201306,2,1,1,1,1,1,0,0,0,0,0,0,1,2,2,3.157851123
9201307,2,2,2,2,2,2,1,1,1,1,1,1,1,1,2,3.28578653
9201325,1,1,0,0,0,1,1,0,0,0,1,1,1,1,1,3.151453149
9201326,1,1,1,1,1,1,1,1,1,1,1,1,1,1,1,3.2786530289999996
9201333,2,2,2,1,1,1,1,1,1,1,1,2,2,2,1,3.358637767
9201334,1,1,1,1,1,1,2,2,2,2,2,2,2,2,1,3.32323584
9201335,2,2,2,2,2,2,2,2,2,2,2,2,2,2,2,3.314913013
9201336,1,1,1,1,1,1,1,1,1,1,1,2,2,2,2,3.2503744919999997
9201337,2,2,2,2,2,2,2,2,2,2,2,2,2,2,2,3.355502422
9201355,0,1,1,1,1,1,1,1,1,1,0,0,0,0,0,3.4236109760000004
9201356,1,1,1,1,1,1,1,1,1,1,0,0,0,0,0,3.352357216
9201357,1,1,1,1,1,1,1,1,1,1,1,1,2,2,1,3.096934154
9201358,1,1,1,1,1,1,1,1,1,0,0,0,1,0,0,3.183041372
9201363,2,2,1,1,1,1,1,1,1,1,1,1,1,1,0,3.362456553
9201364,2,2,1,1,1,1,1,1,1,1,1,1,1,1,0,3.305053521
9201365,2,2,1,1,1,1,1,1,1,1,1,1,1,2,1,3.237893831
9201372,0,0,0,0,0,1,1,1,1,1,1,1,1,1,1,3.3035845530000003
9201373,0,0,0,0,0,1,1,1,1,1,1,1,1,1,1,3.214064268
9201374,1,1,1,1,1,2,1,1,1,1,1,1,1,1,1,3.419364686
9201375,1,1,0,0,0,1,1,1,1,0,0,0,0,0,0,3.260785228
9201379,0,0,0,0,0,0,0,1,1,1,1,1,1,1,2,3.2132600860000005
9201380,0,0,0,0,0,0,0,0,0,0,0,0,0,1,2,3.24220165
9201381,0,0,0,0,0,0,0,0,0,0,1,1,1,1,2,3.220474546
9201382,0,0,0,0,0,0,0,1,1,1,0,0,0,0,1,3.0869431539999996
9201388,2,2,2,2,2,1,1,1,1,1,1,1,1,2,2,3.4229588730000002
9201389,2,1,1,1,1,0,0,0,0,0,0,0,1,1,2,3.194992884
9201390,2,2,1,1,1,0,0,0,0,1,1,1,2,2,2,3.1986731180000003
9201391,1,1,0,0,1,1,1,1,1,1,1,1,2,1,1,3.286908235
9201392,1,1,1,1,1,0,0,0,0,0,0,0,1,2,2,3.293983297