,rs31194300,rs4222269,rs4222320,rs31991963,rs31886089,rs31684041,rs31234127,rs31791013,rs32520046,rs4222579,rs3672697,rs31424068,rs32257630,rs31474366,rs4222922,mrilean
9101226,1,1,1,1,1,1,1,0,0,0,0,1,1,1,1,27.26
9101228,0,0,0,0,0,0,0,1,1,2,2,2,2,2,2,25.13
9101247,2,1,1,1,1,1,1,1,1,1,1,1,2,2,2,28.01
9101248,1,1,1,1,1,1,1,1,1,1,2,1,1,1,1,25.04
9101257,1,1,1,1,1,1,1,0,0,0,0,0,0,0,0,25.45
9101258,1,1,0,0,1,1,1,0,0,0,0,0,1,1,1,28.62
9101259,1,2,2,2,2,1,1,0,0,0,0,1,1,1,1,26.97
9101274,1,1,1,2,2,2,2,2,2,2,2,2,2,2,2,25.67
9101275,2,2,2,2,1,1,1,1,1,1,1,1,2,2,2,25.05
9101276,2,2,2,2,2,2,1,1,1,1,1,1,2,2,2,22.75
9101277,1,1,1,2,1,1,1,1,1,1,1,1,2,2,2,25.89
9101282,2,2,2,2,0,1,1,1,1,1,1,2,1,1,2,23.92
9101283,2,2,2,2,1,1,1,2,2,2,2,2,1,1,1,27.74
9101284,2,2,2,2,1,2,2,2,2,2,2,2,0,0,0,23.34
9101292,1,1,1,1,1,1,1,1,1,1,0,1,1,1,1,25.5
9101293,1,1,1,1,1,1,1,1,0,0,0,1,1,1,1,26.14
9101301,1,1,1,1,1,1,1,1,1,1,0,0,0,0,0,25.05
9101309,0,0,0,0,1,1,2,2,2,2,2,2,2,1,1,24.35
9101326,1,2,2,2,2,2,2,2,2,2,2,2,2,2,1,28.71
9101327,1,1,1,1,1,1,1,1,1,1,2,2,2,2,2,24.88
9101328,1,1,1,1,1,1,1,1,1,1,2,2,2,2,2,24.83
9101329,1,2,2,2,2,2,2,2,2,2,2,2,2,2,1,24.7
9101351,1,1,1,1,1,1,1,1,1,1,1,1,1,1,2,23.58
9101352,1,1,1,1,1,1,1,1,1,1,1,1,0,0,0,24.7
9101353,1,1,1,1,1,1,1,1,1,1,2,2,0,0,0,26.14
9101354,1,1,1,1,1,1,1,1,1,1,2,2,1,1,1,22.37
9101355,1,1,1,1,1,1,1,1,1,1,1,1,0,0,1,24.38
9101356,1,1,1,1,2,2,2,2,2,2,2,2,0,0,0,27.72
9101357,1,1,1,1,1,1,1,2,2,2,1,1,1,1,2,27.3
9101358,1,1,1,1,1,2,2,2,2,2,2,2,0,0,1,28.18
9101359,1,1,1,1,1,1,1,1,1,1,2,2,0,0,0,24.0
9101375,0,1,1,1,0,0,0,0,0,0,0,0,0,0,0,26.68
9101376,0,1,1,1,1,1,1,1,1,1,1,1,0,0,0,28.05
9101377,0,1,1,1,0,0,0,0,0,0,0,0,0,0,0,28.56
9101383,1,1,1,1,0,1,1,1,1,1,1,1,1,1,1,27.48
9101384,0,0,0,0,0,1,1,1,1,1,1,1,1,1,1,24.07
9101385,0,0,0,0,0,1,1,1,1,1,1,1,1,1,1,24.74
9101386,0,0,0,0,1,1,1,1,1,1,1,1,1,1,1,19.17
9101387,0,0,0,0,0,1,1,1,1,1,1,1,1,1,1,26.0
9101404,1,2,1,1,1,1,1,1,1,2,2,2,2,2,2,25.56
9101411,1,1,1,1,1,1,1,1,1,1,0,0,0,0,0,28.32
9101418,1,0,0,0,0,0,0,0,0,0,1,1,2,2,2,26.05
9101419,1,1,1,1,2,2,2,2,2,2,2,2,1,1,1,26.94
9101420,1,1,1,1,2,2,2,1,1,1,0,0,0,2,2,29.93
9101421,0,0,0,0,1,1,1,1,1,1,2,2,2,2,2,26.57
9101425,1,1,1,1,0,0,0,0,1,1,1,1,1,1,1,27.17
9101432,1,1,1,1,1,1,1,1,1,1,2,2,1,1,2,25.53
9101433,1,1,1,1,1,1,1,1,1,1,2,1,1,1,2,22.24
9101434,1,1,1,1,2,2,2,2,2,2,2,2,1,1,2,28.72
9101443,1,1,1,1,1,0,0,0,0,0,0,1,1,1,1,23.39
9101451,1,1,1,1,1,1,1,1,1,1,0,0,0,0,0,24.25
9101452,1,1,1,2,2,1,1,1,1,1,1,1,0,0,0,26.07
9101468,1,1,1,0,0,1,1,1,1,1,1,1,1,1,1,24.12
9101469,0,0,0,0,0,1,1,1,1,1,1,1,2,2,2,23.73
9101470,1,0,0,0,0,0,0,0,0,0,1,1,1,1,2,23.81
9101471,1,0,0,0,0,0,0,0,0,0,1,1,1,1,2,24.14
9101472,1,1,1,0,0,1,1,1,1,1,1,1,2,2,1,28.35
9101478,0,0,0,0,0,2,2,2,2,2,2,2,2,2,1,26.75
9101479,2,2,1,1,1,2,2,2,2,2,1,1,1,1,1,26.27
9101480,1,1,2,2,2,2,1,1,1,1,0,0,0,0,0,27.38
9101481,2,2,2,2,0,1,1,1,1,1,1,1,0,1,0,24.41
9101482,1,1,1,1,1,1,1,1,1,1,1,1,1,1,0,26.38
9101486,1,1,1,1,1,1,1,1,1,1,1,1,0,0,1,28.32
9101491,2,2,2,2,2,2,2,2,2,2,2,2,2,2,1,34.05
9101492,2,2,2,2,2,2,2,2,2,2,2,2,2,2,1,28.57
9101497,1,0,0,0,1,1,1,2,2,2,2,2,1,1,0,25.53
9101498,1,1,1,1,1,1,1,1,1,1,0,0,0,0,0,25.66
9101502,1,1,1,1,1,1,1,2,2,2,1,1,1,1,1,27.34
9101503,1,1,1,1,1,1,1,1,1,1,1,1,1,1,1,28.57
9101504,1,1,1,1,1,1,1,2,2,2,1,1,1,1,1,29.69
9201175,2,1,1,1,1,1,1,0,0,0,1,1,0,0,0,27.72
9201176,2,2,2,2,2,2,2,2,2,2,2,2,2,2,1,27.48
9201177,1,1,1,1,2,2,2,1,1,1,1,1,1,1,1,24.6
9201178,2,2,2,2,2,2,2,1,1,1,1,1,0,0,1,25.95
9201186,2,2,1,1,1,1,1,1,1,1,0,0,1,1,0,26.41
9201187,1,1,1,1,1,1,1,1,1,1,0,0,0,0,0,25.91
9201188,1,1,1,1,1,1,1,1,1,1,1,1,1,1,1,25.45
9201196,1,1,1,1,1,2,2,2,2,2,1,1,1,1,1,25.66
9201197,1,1,1,1,1,1,1,1,1,1,1,1,1,1,1,26.25
9201198,1,1,1,1,1,1,0,0,0,0,0,2,2,2,1,22.79
9201203,0,0,0,0,0,0,0,1,1,1,1,1,1,1,2,26.09
9201204,0,0,0,0,0,0,0,0,0,0,0,0,1,1,1,25.26
9201205,0,0,0,0,0,0,0,1,1,1,1,1,1,1,2,24.78
9201207,0,0,0,0,0,0,0,0,0,0,0,0,1,1,2,19.41
9201215,1,1,1,1,1,0,0,0,0,0,0,1,0,0,0,25.3
9201216,1,2,2,2,1,1,1,1,1,1,1,1,0,0,0,24.95
9201217,0,1,1,1,1,0,0,0,0,0,1,1,0,0,0,25.64
9201218,0,1,1,1,1,0,0,0,0,0,1,1,0,0,0,24.12
9201225,2,2,2,1,1,1,0,0,0,0,0,2,2,2,2,23.43
9201226,1,1,1,1,1,1,0,1,1,1,1,2,2,2,1,22.84
9201227,1,1,1,1,1,1,0,0,0,0,0,2,2,2,2,22.79
9201228,2,2,2,2,2,2,1,0,0,0,0,2,2,2,2,26.71
9201236,1,2,2,2,2,1,1,1,1,1,2,1,1,1,1,24.84
9201237,0,0,0,0,1,1,1,1,1,1,1,1,1,1,1,29.0
9201245,2,2,2,2,1,1,1,1,1,1,1,1,1,1,1,25.22
9201246,2,2,2,2,1,1,1,1,1,1,1,1,2,1,1,24.71
9201247,0,1,2,2,1,1,1,1,1,1,1,1,0,0,0,22.27
9201248,0,0,1,1,1,1,1,1,1,1,1,1,0,0,0,24.8
9201253,2,2,2,2,2,1,1,1,1,1,1,1,1,1,1,25.97
9201254,1,1,1,2,2,2,2,2,2,2,2,2,1,1,1,23.54
9201255,2,2,2,2,2,2,2,2,2,2,2,2,1,1,1,28.66
9201256,1,1,1,2,2,2,2,2,2,2,2,2,1,1,1,29.14
9201257,2,2,2,2,2,1,1,1,2,2,2,2,1,1,1,25.81
9201258,2,2,1,2,2,2,2,2,2,2,2,1,1,1,1,28.93
9201262,1,1,2,2,2,2,2,1,1,1,0,0,0,0,0,23.52
9201265,1,1,1,1,2,2,2,0,0,0,1,1,1,0,0,25.42
9201266,1,1,1,1,2,2,1,1,1,1,1,1,1,0,0,24.84
9201275,0,0,0,0,1,1,1,1,1,1,1,2,2,2,2,25.11
9201276,1,1,1,1,0,0,0,1,1,1,1,1,1,1,1,29.36
9201277,1,1,1,1,1,1,1,1,1,1,1,1,1,2,2,27.54
9201296,1,0,0,0,1,1,2,2,2,2,2,2,2,2,2,26.51
9201305,2,2,2,2,2,2,1,1,1,1,1,1,0,0,1,25.25
9201306,2,1,1,1,1,1,0,0,0,0,0,0,1,2,2,23.52
9201307,2,2,2,2,2,2,1,1,1,1,1,1,1,1,2,26.73
9201325,1,1,0,0,0,1,1,0,0,0,1,1,1,1,1,23.37
9201326,1,1,1,1,1,1,1,1,1,1,1,1,1,1,1,26.54
9201333,2,2,2,1,1,1,1,1,1,1,1,2,2,2,1,28.75
9201334,1,1,1,1,1,1,2,2,2,2,2,2,2,2,1,27.75
9201335,2,2,2,2,2,2,2,2,2,2,2,2,2,2,2,27.52
9201336,1,1,1,1,1,1,1,1,1,1,1,2,2,2,2,25.8
9201337,2,2,2,2,2,2,2,2,2,2,2,2,2,2,2,28.66
9201355,0,1,1,1,1,1,1,1,1,1,0,0,0,0,0,30.68
9201356,1,1,1,1,1,1,1,1,1,1,0,0,0,0,0,28.57
9201357,1,1,1,1,1,1,1,1,1,1,1,1,2,2,1,22.13
9201358,1,1,1,1,1,1,1,1,1,0,0,0,1,0,0,24.12
9201363,2,2,1,1,1,1,1,1,1,1,1,1,1,1,0,28.86
9201364,2,2,1,1,1,1,1,1,1,1,1,1,1,1,0,27.25
9201365,2,2,1,1,1,1,1,1,1,1,1,1,1,2,1,25.48
9201372,0,0,0,0,0,1,1,1,1,1,1,1,1,1,1,27.21
9201373,0,0,0,0,0,1,1,1,1,1,1,1,1,1,1,24.88
9201374,1,1,1,1,1,2,1,1,1,1,1,1,1,1,1,30.55
9201375,1,1,0,0,0,1,1,1,1,0,0,0,0,0,0,26.07
9201379,0,0,0,0,0,0,0,1,1,1,1,1,1,1,2,24.86
9201380,0,0,0,0,0,0,0,0,0,0,0,0,0,1,2,25.59
9201381,0,0,0,0,0,0,0,0,0,0,1,1,1,1,2,25.04
9201382,0,0,0,0,0,0,0,1,1,1,0,0,0,0,1,21.91
9201388,2,2,2,2,2,1,1,1,1,1,1,1,1,2,2,30.66
9201389,2,1,1,1,1,0,0,0,0,0,0,0,1,1,2,24.41
9201390,2,2,1,1,1,0,0,0,0,1,1,1,2,2,2,24.5
9201391,1,1,0,0,1,1,1,1,1,1,1,1,2,1,1,26.76
9201392,1,1,1,1,1,0,0,0,0,0,0,0,1,2,2,26.95