,rs31194300,rs4222269,rs4222320,rs31991963,rs31886089,rs31684041,rs31234127,rs31791013,rs32520046,rs4222579,rs3672697,rs31424068,rs32257630,rs31474366,rs4222922,bwd70
9101226,1,1,1,1,1,1,1,0,0,0,0,1,1,1,1,31.83
9101228,0,0,0,0,0,0,0,1,1,2,2,2,2,2,2,29.18
9101247,2,1,1,1,1,1,1,1,1,1,1,1,2,2,2,33.49
9101248,1,1,1,1,1,1,1,1,1,1,2,1,1,1,1,30.27
9101257,1,1,1,1,1,1,1,0,0,0,0,0,0,0,0,30.36
9101258,1,1,0,0,1,1,1,0,0,0,0,0,1,1,1,33.77
9101259,1,2,2,2,2,1,1,0,0,0,0,1,1,1,1,33.9
9101274,1,1,1,2,2,2,2,2,2,2,2,2,2,2,2,29.68
9101275,2,2,2,2,1,1,1,1,1,1,1,1,2,2,2,28.31
9101276,2,2,2,2,2,2,1,1,1,1,1,1,2,2,2,27.88
9101277,1,1,1,2,1,1,1,1,1,1,1,1,2,2,2,28.94
9101282,2,2,2,2,0,1,1,1,1,1,1,2,1,1,2,29.41
9101283,2,2,2,2,1,1,1,2,2,2,2,2,1,1,1,34.29
9101284,2,2,2,2,1,2,2,2,2,2,2,2,0,0,0,29.42
9101292,1,1,1,1,1,1,1,1,1,1,0,1,1,1,1,32.67
9101293,1,1,1,1,1,1,1,1,0,0,0,1,1,1,1,31.45
9101301,1,1,1,1,1,1,1,1,1,1,0,0,0,0,0,30.14
9101309,0,0,0,0,1,1,2,2,2,2,2,2,2,1,1,28.39
9101326,1,2,2,2,2,2,2,2,2,2,2,2,2,2,1,34.56
9101327,1,1,1,1,1,1,1,1,1,1,2,2,2,2,2,28.93
9101328,1,1,1,1,1,1,1,1,1,1,2,2,2,2,2,30.28
9101329,1,2,2,2,2,2,2,2,2,2,2,2,2,2,1,28.39
9101351,1,1,1,1,1,1,1,1,1,1,1,1,1,1,2,30.21
9101352,1,1,1,1,1,1,1,1,1,1,1,1,0,0,0,29.18
9101353,1,1,1,1,1,1,1,1,1,1,2,2,0,0,0,30.37
9101354,1,1,1,1,1,1,1,1,1,1,2,2,1,1,1,26.52
9101355,1,1,1,1,1,1,1,1,1,1,1,1,0,0,1,29.9
9101356,1,1,1,1,2,2,2,2,2,2,2,2,0,0,0,33.34
9101357,1,1,1,1,1,1,1,2,2,2,1,1,1,1,2,33.07
9101358,1,1,1,1,1,2,2,2,2,2,2,2,0,0,1,34.15
9101359,1,1,1,1,1,1,1,1,1,1,2,2,0,0,0,29.17
9101375,0,1,1,1,0,0,0,0,0,0,0,0,0,0,0,32.74
9101376,0,1,1,1,1,1,1,1,1,1,1,1,0,0,0,36.17
9101377,0,1,1,1,0,0,0,0,0,0,0,0,0,0,0,35.13
9101383,1,1,1,1,0,1,1,1,1,1,1,1,1,1,1,32.92
9101384,0,0,0,0,0,1,1,1,1,1,1,1,1,1,1,28.31
9101385,0,0,0,0,0,1,1,1,1,1,1,1,1,1,1,29.35
9101386,0,0,0,0,1,1,1,1,1,1,1,1,1,1,1,28.11
9101387,0,0,0,0,0,1,1,1,1,1,1,1,1,1,1,31.14
9101404,1,2,1,1,1,1,1,1,1,2,2,2,2,2,2,32.51
9101411,1,1,1,1,1,1,1,1,1,1,0,0,0,0,0,34.81
9101418,1,0,0,0,0,0,0,0,0,0,1,1,2,2,2,31.75
9101419,1,1,1,1,2,2,2,2,2,2,2,2,1,1,1,32.33
9101420,1,1,1,1,2,2,2,1,1,1,0,0,0,2,2,37.29
9101421,0,0,0,0,1,1,1,1,1,1,2,2,2,2,2,31.71
9101425,1,1,1,1,0,0,0,0,1,1,1,1,1,1,1,33.19
9101432,1,1,1,1,1,1,1,1,1,1,2,2,1,1,2,30.7
9101433,1,1,1,1,1,1,1,1,1,1,2,1,1,1,2,28.02
9101434,1,1,1,1,2,2,2,2,2,2,2,2,1,1,2,36.85
9101443,1,1,1,1,1,0,0,0,0,0,0,1,1,1,1,28.04
9101451,1,1,1,1,1,1,1,1,1,1,0,0,0,0,0,30.25
9101452,1,1,1,2,2,1,1,1,1,1,1,1,0,0,0,31.34
9101468,1,1,1,0,0,1,1,1,1,1,1,1,1,1,1,29.47
9101469,0,0,0,0,0,1,1,1,1,1,1,1,2,2,2,28.78
9101470,1,0,0,0,0,0,0,0,0,0,1,1,1,1,2,29.27
9101471,1,0,0,0,0,0,0,0,0,0,1,1,1,1,2,31.06
9101472,1,1,1,0,0,1,1,1,1,1,1,1,2,2,1,35.11
9101478,0,0,0,0,0,2,2,2,2,2,2,2,2,2,1,31.71
9101479,2,2,1,1,1,2,2,2,2,2,1,1,1,1,1,31.9
9101480,1,1,2,2,2,2,1,1,1,1,0,0,0,0,0,33.17
9101481,2,2,2,2,0,1,1,1,1,1,1,1,0,1,0,30.73
9101482,1,1,1,1,1,1,1,1,1,1,1,1,1,1,0,30.72
9101486,1,1,1,1,1,1,1,1,1,1,1,1,0,0,1,33.18
9101491,2,2,2,2,2,2,2,2,2,2,2,2,2,2,1,42.08
9101492,2,2,2,2,2,2,2,2,2,2,2,2,2,2,1,33.93
9101497,1,0,0,0,1,1,1,2,2,2,2,2,1,1,0,29.44
9101498,1,1,1,1,1,1,1,1,1,1,0,0,0,0,0,29.95
9101502,1,1,1,1,1,1,1,2,2,2,1,1,1,1,1,31.48
9101503,1,1,1,1,1,1,1,1,1,1,1,1,1,1,1,36.52
9101504,1,1,1,1,1,1,1,2,2,2,1,1,1,1,1,33.88
9201175,2,1,1,1,1,1,1,0,0,0,1,1,0,0,0,33.98
9201176,2,2,2,2,2,2,2,2,2,2,2,2,2,2,1,35.1
9201177,1,1,1,1,2,2,2,1,1,1,1,1,1,1,1,32.88
9201178,2,2,2,2,2,2,2,1,1,1,1,1,0,0,1,35.08
9201186,2,2,1,1,1,1,1,1,1,1,0,0,1,1,0,30.98
9201187,1,1,1,1,1,1,1,1,1,1,0,0,0,0,0,30.42
9201188,1,1,1,1,1,1,1,1,1,1,1,1,1,1,1,31.15
9201196,1,1,1,1,1,2,2,2,2,2,1,1,1,1,1,31.49
9201197,1,1,1,1,1,1,1,1,1,1,1,1,1,1,1,31.75
9201198,1,1,1,1,1,1,0,0,0,0,0,2,2,2,1,27.97
9201203,0,0,0,0,0,0,0,1,1,1,1,1,1,1,2,32.8
9201204,0,0,0,0,0,0,0,0,0,0,0,0,1,1,1,31.03
9201205,0,0,0,0,0,0,0,1,1,1,1,1,1,1,2,30.47
9201207,0,0,0,0,0,0,0,0,0,0,0,0,1,1,2,24.91
9201215,1,1,1,1,1,0,0,0,0,0,0,1,0,0,0,30.63
9201216,1,2,2,2,1,1,1,1,1,1,1,1,0,0,0,30.87
9201217,0,1,1,1,1,0,0,0,0,0,1,1,0,0,0,31.11
9201218,0,1,1,1,1,0,0,0,0,0,1,1,0,0,0,31.07
9201225,2,2,2,1,1,1,0,0,0,0,0,2,2,2,2,28.62
9201226,1,1,1,1,1,1,0,1,1,1,1,2,2,2,1,27.89
9201227,1,1,1,1,1,1,0,0,0,0,0,2,2,2,2,28.37
9201228,2,2,2,2,2,2,1,0,0,0,0,2,2,2,2,32.85
9201236,1,2,2,2,2,1,1,1,1,1,2,1,1,1,1,30.25
9201237,0,0,0,0,1,1,1,1,1,1,1,1,1,1,1,34.61
9201245,2,2,2,2,1,1,1,1,1,1,1,1,1,1,1,30.32
9201246,2,2,2,2,1,1,1,1,1,1,1,1,2,1,1,30.53
9201247,0,1,2,2,1,1,1,1,1,1,1,1,0,0,0,29.78
9201248,0,0,1,1,1,1,1,1,1,1,1,1,0,0,0,30.64
9201253,2,2,2,2,2,1,1,1,1,1,1,1,1,1,1,32.11
9201254,1,1,1,2,2,2,2,2,2,2,2,2,1,1,1,28.37
9201255,2,2,2,2,2,2,2,2,2,2,2,2,1,1,1,36.33
9201256,1,1,1,2,2,2,2,2,2,2,2,2,1,1,1,35.51
9201257,2,2,2,2,2,1,1,1,2,2,2,2,1,1,1,32.6
9201258,2,2,1,2,2,2,2,2,2,2,2,1,1,1,1,36.57
9201262,1,1,2,2,2,2,2,1,1,1,0,0,0,0,0,28.64
9201265,1,1,1,1,2,2,2,0,0,0,1,1,1,0,0,30.53
9201266,1,1,1,1,2,2,1,1,1,1,1,1,1,0,0,31.0
9201275,0,0,0,0,1,1,1,1,1,1,1,2,2,2,2,30.41
9201276,1,1,1,1,0,0,0,1,1,1,1,1,1,1,1,34.08
9201277,1,1,1,1,1,1,1,1,1,1,1,1,1,2,2,32.88
9201296,1,0,0,0,1,1,2,2,2,2,2,2,2,2,2,29.82
9201305,2,2,2,2,2,2,1,1,1,1,1,1,0,0,1,33.56
9201306,2,1,1,1,1,1,0,0,0,0,0,0,1,2,2,29.03
9201307,2,2,2,2,2,2,1,1,1,1,1,1,1,1,2,34.87
9201325,1,1,0,0,0,1,1,0,0,0,1,1,1,1,1,27.78
9201326,1,1,1,1,1,1,1,1,1,1,1,1,1,1,1,31.5
9201333,2,2,2,1,1,1,1,1,1,1,1,2,2,2,1,34.85
9201334,1,1,1,1,1,1,2,2,2,2,2,2,2,2,1,33.7
9201335,2,2,2,2,2,2,2,2,2,2,2,2,2,2,2,33.28
9201336,1,1,1,1,1,1,1,1,1,1,1,2,2,2,2,31.5
9201337,2,2,2,2,2,2,2,2,2,2,2,2,2,2,2,35.92
9201355,0,1,1,1,1,1,1,1,1,1,0,0,0,0,0,35.24
9201356,1,1,1,1,1,1,1,1,1,1,0,0,0,0,0,33.95
9201357,1,1,1,1,1,1,1,1,1,1,1,1,2,2,1,27.29
9201358,1,1,1,1,1,1,1,1,1,0,0,0,1,0,0,29.55
9201363,2,2,1,1,1,1,1,1,1,1,1,1,1,1,0,36.7
9201364,2,2,1,1,1,1,1,1,1,1,1,1,1,1,0,34.66
9201365,2,2,1,1,1,1,1,1,1,1,1,1,1,2,1,32.58
9201372,0,0,0,0,0,1,1,1,1,1,1,1,1,1,1,31.62
9201373,0,0,0,0,0,1,1,1,1,1,1,1,1,1,1,30.03
9201374,1,1,1,1,1,2,1,1,1,1,1,1,1,1,1,35.94
9201375,1,1,0,0,0,1,1,1,1,0,0,0,0,0,0,31.5
9201379,0,0,0,0,0,0,0,1,1,1,1,1,1,1,2,29.36
9201380,0,0,0,0,0,0,0,0,0,0,0,0,0,1,2,30.1
9201381,0,0,0,0,0,0,0,0,0,0,1,1,1,1,2,29.05
9201382,0,0,0,0,0,0,0,1,1,1,0,0,0,0,1,26.12
9201388,2,2,2,2,2,1,1,1,1,1,1,1,1,2,2,38.59
9201389,2,1,1,1,1,0,0,0,0,0,0,0,1,1,2,31.43
9201390,2,2,1,1,1,0,0,0,0,1,1,1,2,2,2,32.26
9201391,1,1,0,0,1,1,1,1,1,1,1,1,2,1,1,31.96
9201392,1,1,1,1,1,0,0,0,0,0,0,0,1,2,2,31.87