,rs31194300,rs4222269,rs4222320,rs31991963,rs31886089,rs31684041,rs31234127,rs31791013,rs32520046,rs4222579,rs3672697,rs31424068,rs32257630,rs31474366,rs4222922,logbwd70
9101220,1,1,0,0,0,0,0,1,1,2,2,2,2,2,2,3.604410297
9101222,1,1,1,1,0,0,0,1,1,1,1,2,1,1,1,3.542118073
9101240,1,1,0,0,1,1,1,1,1,1,1,0,0,0,0,3.633102439
9101241,1,1,0,0,0,1,1,1,1,1,2,1,1,1,2,3.559909073
9101242,2,2,2,2,2,1,1,1,1,1,2,1,1,1,2,3.708927149
9101243,2,2,1,1,1,1,1,1,1,1,0,0,0,0,1,3.6275358239999997
9101249,2,2,1,1,1,1,1,1,1,1,1,1,0,0,0,3.75793899
9101250,2,2,2,2,0,0,0,0,0,0,0,0,0,0,0,3.6785765610000003
9101252,2,2,2,2,1,1,1,1,1,1,1,1,1,1,0,3.675794215
9101256,2,2,1,1,1,1,1,0,0,0,0,1,1,1,0,3.5765502689999997
9101271,1,1,1,2,2,2,2,2,2,2,2,2,2,2,2,3.658935578
9101272,1,1,2,2,1,1,1,1,1,1,1,1,2,2,2,3.5633162310000004
9101273,1,1,1,2,1,1,1,1,1,1,1,1,2,2,2,3.491951745
9101279,2,2,2,2,2,2,2,2,2,2,1,1,0,0,0,3.739334898
9101286,1,1,1,1,1,1,1,1,1,1,0,0,0,1,1,3.71210758
9101287,1,1,1,1,1,1,1,1,0,0,0,0,0,0,0,3.69037833
9101288,1,1,1,1,1,1,1,1,1,1,0,0,0,0,0,3.627801605
9101295,2,2,2,2,2,2,2,2,2,2,2,2,1,1,0,3.742420221
9101296,2,2,2,2,2,2,2,2,2,1,1,1,0,0,0,3.54731589
9101297,2,1,1,1,1,1,1,1,1,0,0,0,0,1,0,3.708927149
9101298,2,2,2,2,2,2,1,1,1,1,1,1,1,1,0,3.67478053
9101302,1,1,1,1,1,1,2,2,2,2,2,2,1,1,1,3.633102439
9101304,0,0,0,0,1,1,1,2,2,2,2,2,1,1,1,3.585461495
9101305,1,2,2,2,2,2,2,2,2,2,2,2,2,1,1,3.6216707039999996
9101321,1,2,2,2,2,2,2,2,2,2,2,2,2,2,2,3.5743099989999996
9101322,1,1,1,1,1,1,1,1,1,1,2,2,2,2,1,3.640214282
9101323,1,1,1,1,1,1,1,1,1,1,2,2,2,2,1,3.587953536
9101324,1,1,1,1,1,1,1,1,1,1,2,2,2,2,2,3.6765538039999996
9101325,1,2,2,2,2,2,2,2,2,2,2,2,2,2,2,3.587953536
9101370,0,0,0,0,0,0,0,0,0,0,0,0,0,0,0,3.775744987
9101372,0,0,0,0,0,0,0,0,0,0,0,0,0,0,0,3.6963514689999997
9101373,0,0,1,1,1,1,1,1,1,1,1,1,0,0,0,3.75490125
9101374,0,1,1,1,0,0,0,0,0,0,0,0,0,0,0,3.740522687
9101379,1,1,1,1,1,1,1,1,1,1,1,1,1,1,1,3.64701525
9101380,1,1,1,1,1,1,1,1,1,1,1,1,1,1,1,3.6866269189999996
9101381,0,0,0,0,0,1,1,1,1,1,1,1,1,1,1,3.605226069
9101382,0,0,0,0,0,1,1,1,1,1,1,1,1,1,1,3.645449896
9101398,1,1,0,0,0,0,0,0,0,1,1,1,2,2,2,3.583241122
9101399,1,1,1,1,1,1,1,1,1,1,1,1,2,2,2,3.656872658
9101400,0,2,2,2,2,2,2,2,2,2,2,2,2,2,2,3.786913194
9101401,0,2,2,2,2,2,2,1,1,1,1,1,2,2,2,3.730740908
9101402,1,2,2,2,2,2,2,2,2,2,2,2,2,2,2,3.62620586
9101403,1,1,1,1,1,1,1,1,1,1,2,2,2,2,2,3.460095023
9101406,1,1,1,1,1,1,1,1,1,1,1,1,1,1,2,3.727619282
9101407,1,1,1,1,1,1,1,1,1,1,1,1,0,0,1,3.71210758
9101412,1,1,1,1,1,1,1,1,1,1,2,2,2,2,2,3.762594492
9101413,0,0,0,0,1,2,2,2,2,2,2,2,1,1,1,3.6410013739999996
9101414,0,0,0,0,1,1,1,1,1,1,1,1,1,2,1,3.665098925
9101415,0,0,0,0,0,0,0,0,0,0,0,0,1,1,1,3.64701525
9101422,1,1,1,1,0,0,0,0,1,1,1,1,1,1,1,3.794589909
9101427,1,1,1,1,1,1,1,2,2,2,2,2,2,2,2,3.69535842
9101428,1,1,1,1,1,0,1,1,1,1,1,1,2,2,2,3.765840495
9101429,1,1,1,1,1,1,1,1,1,1,1,1,1,1,2,3.7314599019999997
9101436,0,0,0,1,1,1,1,2,2,2,2,2,2,2,2,3.4793922289999997
9101437,0,1,2,2,2,2,2,2,2,2,2,2,2,2,2,3.565581238
9101440,1,1,0,0,0,1,1,1,1,1,1,2,2,1,1,3.510649515
9101441,2,2,1,1,1,1,1,1,1,1,1,2,2,2,2,3.6317798619999997
9101442,2,2,2,2,2,2,2,2,2,2,2,2,2,2,2,3.722072421
9101446,1,1,1,2,2,2,2,2,2,2,2,1,1,1,1,3.572907278
9101448,1,1,1,2,1,1,1,1,1,1,1,0,0,0,0,3.50013733
9101464,0,0,0,0,0,1,1,1,1,1,1,1,2,2,2,3.736240025
9101465,1,1,1,0,0,0,0,0,0,0,1,1,2,2,2,3.7152779280000003
9101467,0,0,0,0,0,1,1,1,1,1,1,1,1,1,2,3.696103299
9101473,1,1,1,1,1,2,2,2,2,2,1,1,1,1,0,3.60875341
9101474,2,1,1,1,1,2,2,1,1,1,1,1,1,1,0,3.665610827
9101475,1,1,1,1,1,2,2,2,2,2,2,2,2,2,1,3.6609942510000004
9101476,0,0,1,1,1,1,0,0,0,0,1,1,1,1,1,3.7211046010000004
9101477,0,1,1,1,1,1,0,0,0,0,0,0,0,0,0,3.638112337
9101483,0,0,0,0,0,0,0,0,0,0,1,1,0,0,0,3.640214282
9101487,1,1,1,1,1,1,1,1,2,2,2,2,2,2,2,3.744314161
9101488,2,1,1,1,1,1,1,1,2,2,2,2,2,2,1,3.657646752
9101489,2,2,2,2,2,2,2,2,2,2,2,2,2,2,1,3.825593277
9101490,2,2,2,2,1,1,1,1,2,2,2,2,2,2,1,3.7857792789999998
9101493,0,0,0,0,1,1,1,1,1,1,1,1,0,0,0,3.675287501
9101494,1,1,1,1,1,1,1,1,1,1,1,1,0,0,0,3.769998505
9101495,0,0,0,0,1,1,1,1,1,1,1,1,1,1,0,3.5849068639999997
9101496,0,0,0,0,1,1,1,1,1,1,1,1,1,1,0,3.6846203969999998
9101500,1,1,1,1,1,1,1,2,2,2,1,1,1,1,1,3.680090948
9101501,1,1,1,1,1,1,1,1,2,2,1,1,1,1,1,3.727378753
9201169,2,2,2,2,2,2,2,2,2,2,2,2,1,1,1,3.832330237
9201170,2,1,0,0,1,1,1,1,1,1,0,0,1,1,1,3.6968476239999997
9201171,1,0,0,1,2,2,2,1,1,1,1,1,1,1,1,3.730261292
9201172,2,1,1,1,1,1,1,1,1,1,1,1,0,0,0,3.643620548
9201174,2,1,1,1,1,1,1,1,1,1,1,1,1,1,0,3.5678411260000003
9201179,2,2,1,1,1,1,1,1,1,1,1,1,1,1,1,3.604410297
9201183,2,2,1,1,1,1,1,1,1,1,1,1,2,2,1,3.7433676389999997
9201184,1,1,1,1,1,1,1,1,1,1,0,0,1,1,1,3.724246598
9201185,1,1,1,1,1,1,1,1,1,1,0,0,0,0,1,3.6216707039999996
9201189,0,0,0,1,1,1,1,1,1,1,1,1,1,1,1,3.5876769489999996
9201191,2,2,2,2,2,2,2,2,2,2,1,1,1,1,1,3.584351925
9201193,1,1,1,1,1,1,1,1,1,1,1,1,1,1,1,3.50134433
9201199,0,0,0,0,0,0,0,0,0,0,0,0,1,1,1,3.7800903339999996
9201200,0,0,0,0,0,0,0,0,0,1,1,1,1,1,1,3.654546775
9201210,0,1,1,1,1,1,1,1,1,1,0,0,0,0,0,3.600867577
9201211,0,1,1,1,1,1,1,1,1,1,1,1,0,0,0,3.706228092
9201220,1,1,1,1,2,2,2,2,2,2,2,2,1,1,0,3.65351131
9201222,1,1,1,1,1,1,1,1,1,1,1,2,1,1,1,3.5712214110000002
9201229,1,0,0,0,0,1,1,1,1,1,1,1,1,1,1,3.592919063
9201230,0,0,0,0,0,0,0,0,0,0,1,1,1,1,1,3.53834722
9201231,1,1,1,1,1,1,1,1,1,1,2,1,1,1,1,3.628598523
9201232,0,1,1,1,1,1,1,1,1,1,1,1,1,1,1,3.506757877
9201233,1,2,2,2,2,2,2,2,2,2,2,1,1,1,1,3.718680945
9201239,0,0,1,1,1,1,1,1,1,1,1,1,1,1,1,3.63521493
9201240,1,2,2,2,1,1,1,1,1,1,1,1,0,0,0,3.5953926110000003
9201241,2,2,2,2,1,1,1,1,1,1,1,1,1,1,1,3.6071269519999998
9201242,2,2,2,2,1,1,1,1,1,1,2,2,2,2,2,3.691874963
9201249,1,1,1,2,2,2,2,2,2,2,1,1,1,1,1,3.657388787
9201250,2,2,2,2,2,1,1,1,1,1,1,1,1,1,1,3.7476199489999997
9201251,1,1,1,2,2,2,2,2,2,2,2,2,1,1,1,3.6365329739999996
9201252,1,2,2,2,2,1,1,1,1,1,1,1,1,1,1,3.7395725680000003
9201259,1,1,1,1,2,2,1,1,1,2,1,1,1,0,0,3.706719372
9201260,2,1,1,1,2,2,1,1,1,1,1,1,1,0,0,3.625140613
9201261,1,1,1,1,2,2,1,0,0,0,0,0,1,0,0,3.6501386260000004
9201263,1,1,1,1,2,2,1,1,1,1,1,1,1,0,0,3.6240742310000003
9201264,2,2,2,2,2,2,1,0,0,0,0,0,0,0,0,3.69037833
9201269,2,2,2,2,1,1,1,1,1,1,1,1,2,2,2,3.756070704
9201270,1,1,1,1,2,2,2,2,2,2,2,2,1,1,1,3.791436042
9201271,1,1,1,1,1,0,0,0,0,0,0,0,2,2,2,3.673258073
9201272,0,0,1,1,1,1,1,1,1,1,2,2,1,1,1,3.73909717
9201289,1,1,1,1,2,1,2,2,2,1,1,1,1,2,2,3.694612986
9201290,1,1,1,1,2,2,2,2,2,2,2,2,1,2,2,3.476923092
9201291,0,0,0,0,1,1,2,2,2,2,2,2,2,2,2,3.444895237
9201292,2,2,2,2,2,2,2,2,2,2,2,2,2,2,2,3.677059877
9201299,2,2,2,2,2,1,0,0,0,0,0,0,1,1,1,3.6425737010000003
9201301,2,1,1,1,1,1,1,1,1,1,1,1,0,0,0,3.698829785
9201310,2,1,1,1,1,1,1,1,1,1,1,1,1,1,2,3.65790465
9201311,2,1,1,1,1,1,1,1,1,1,1,2,2,2,2,3.610917913
9201312,2,1,1,1,1,1,1,1,1,1,1,1,1,1,2,3.635742356
9201313,2,2,2,2,2,2,2,2,2,2,2,2,2,2,2,3.785325352
9201319,1,1,0,0,0,1,1,1,1,1,2,2,1,1,1,3.644666299
9201320,1,1,1,1,1,2,2,2,2,2,2,2,1,1,1,3.577389078
9201321,1,1,1,1,0,1,1,1,1,1,1,1,1,1,1,3.686376324
9201322,1,1,0,1,1,1,1,1,1,1,2,2,1,1,1,3.634159242
9201329,2,2,2,2,2,2,2,1,1,1,1,2,2,2,2,3.718195508
9201330,1,1,1,1,1,1,1,1,1,1,1,2,2,2,2,3.65351131
9201331,1,1,1,1,1,1,1,1,1,1,1,2,2,2,2,3.615232914
9201332,1,1,1,1,1,1,1,2,2,2,2,2,2,2,2,3.597860056
9201349,1,1,1,1,1,2,2,2,2,2,1,1,1,2,2,3.726656818
9201350,1,1,2,2,2,2,2,2,2,2,1,1,1,1,1,3.7513846589999997
9201351,2,2,2,2,1,0,0,0,0,0,0,0,1,1,1,3.671224519
9201359,2,2,1,1,1,1,1,1,1,1,1,1,1,2,1,3.784644076
9201362,2,2,1,1,1,1,1,1,1,1,1,1,0,0,0,3.686125666
9201367,1,1,1,1,1,2,1,1,1,1,1,1,1,1,1,3.829727763
9201370,1,1,1,1,1,2,1,1,1,1,1,1,1,1,1,3.736240025
9201371,1,1,1,1,1,2,1,1,1,1,1,1,1,1,1,3.649358696
9201376,0,0,0,0,0,0,0,1,1,1,1,1,1,1,2,3.634951112
9201377,0,0,0,0,0,0,0,0,0,0,0,0,0,0,1,3.649098584
9201378,0,0,0,0,0,0,0,1,1,1,1,1,1,1,1,3.729781445
9201384,1,1,2,2,2,1,1,1,1,1,1,1,1,2,2,3.938470175
9201385,2,2,2,2,2,1,1,1,1,1,1,1,2,2,2,3.788272198
9201386,2,2,2,2,1,1,1,1,1,1,1,1,1,2,1,3.6699514439999996
9201387,0,0,0,1,1,0,0,0,0,0,0,0,0,1,1,3.6691868210000003